"76a2dad","Gongg0910","Sat, 13 Sep 2025 17:50:35 +0000","Now is fully complete"
"cdd59a7","Gongg0910","Sat, 13 Sep 2025 17:46:30 +0000","Please work..."
"2c3afe2","Gongg0910","Sat, 13 Sep 2025 17:37:14 +0000","ummm"
"82ba407","Gongg0910","Sat, 13 Sep 2025 17:24:41 +0000","Complete"
"44e3372","Gongg0910","Sat, 13 Sep 2025 17:12:11 +0000","fixing"
"6a79453","mr-a006","Fri, 12 Sep 2025 20:23:48 +0000","Aqeel Hussain Task A, B, C"
"676cf55","MelissaVasquez1406","Wed, 10 Sep 2025 20:03:41 +0000","Melissa Vasquez Task A,B,C"
"825cd0e","Gongg0910","Wed, 10 Sep 2025 15:55:54 +0000","Task C Gonzalo"
"a066b62","Gongg0910","Wed, 10 Sep 2025 15:42:59 +0000","Task B Gonzalo"
"1742214","Gongg0910","Wed, 10 Sep 2025 15:17:24 +0000","Task A Gonzalo"
"ee1e3d3","Gongg0910","Wed, 10 Sep 2025 10:45:26 -0400","Initial commit"